{
    "Behind-the-Scenes and Production Insights": {
        "mission": 0.2903208023445812,
        "impossible": 0.27376742326353054,
        "film": 0.27122074955875347,
        "dead": 0.20500723323455075,
        "reckoning": 0.20246055952977374,
        "cruise": 0.1999138858249967,
        "mcquarrie": 0.19227386471066563,
        "barbie": 0.18972719100588858,
        "movie": 0.18590718044872306,
        "like": 0.17444714877722642
    },
    "Box Office Performance and Industry Impact": {
        "barbie": 0.42892211591768087,
        "million": 0.3887106675503983,
        "oppenheimer": 0.23858792697920997,
        "film": 0.21660566853842883,
        "movie": 0.21499721060373753,
        "weekend": 0.18765342571398538,
        "box": 0.17907498339563177,
        "office": 0.17639422017114625,
        "mission": 0.13189355064468686,
        "impossible": 0.11473666600797963
    },
    "Celebrity and Cast Focus": {
        "barbie": 0.2656084368827734,
        "film": 0.2592980852505693,
        "oppenheimer": 0.24495637699555994,
        "murphy": 0.2392196936935562,
        "like": 0.19332622727752624,
        "movie": 0.18644220731512173,
        "cruise": 0.1646428107675075,
        "said": 0.1537431124937004,
        "nolan": 0.14800642919169665,
        "just": 0.1416960775594925
    },
    "Critique and Reviews": {
        "oppenheimer": 0.39644746235844713,
        "film": 0.3434569599640012,
        "barbie": 0.33756912636461833,
        "movie": 0.22373767677654938,
        "cruise": 0.22177506557675508,
        "like": 0.16878456318230917,
        "nolan": 0.16289672958292628,
        "mission": 0.1393453951853948,
        "dead": 0.1354201727858062,
        "reckoning": 0.1354201727858062
    },
    "Cultural and Social Commentary": {
        "barbie": 0.4091318638417784,
        "atwell": 0.3068488978813338,
        "movie": 0.2203017728378807,
        "like": 0.19669801146239346,
        "says": 0.19669801146239346,
        "film": 0.18096217054540198,
        "women": 0.15735840916991478,
        "china": 0.14949048871141904,
        "just": 0.13375464779442756,
        "way": 0.13375464779442756
    },
    "Fan and Audience Reactions": {
        "barbie": 0.4548000875543182,
        "film": 0.31724474772181327,
        "oppenheimer": 0.31724474772181327,
        "movie": 0.18092864518509663,
        "like": 0.13383762794513995,
        "mission": 0.13011991605777495,
        "dead": 0.12640220417040995,
        "impossible": 0.12640220417040995,
        "just": 0.12268449228304497,
        "july": 0.12144525498725664
    },
    "Fashion and Aesthetics": {
        "barbie": 0.6236099598810685,
        "pink": 0.2380673157654079,
        "robbie": 0.16222286118527796,
        "film": 0.13272779551522743,
        "july": 0.13062100511022381,
        "world": 0.13062100511022381,
        "image": 0.11587347227519855,
        "like": 0.11587347227519855,
        "premiere": 0.1074463106551841,
        "time": 0.1053395202501805
    },
    "Global and Political Perspectives": {
        "barbie": 0.582826363349802,
        "film": 0.2622718635074109,
        "movie": 0.2581088180549123,
        "china": 0.15195115901619838,
        "said": 0.1394620226587026,
        "oppenheimer": 0.12905440902745616,
        "robbie": 0.12489136357495757,
        "like": 0.12280984084870827,
        "world": 0.1165652726699604,
        "pink": 0.11032070449121252
    },
    "Marketing and Promotional Strategies": {
        "film": 0.2987196473867157,
        "barbie": 0.2945417502204679,
        "movie": 0.29245280163734405,
        "mission": 0.2506738299748663,
        "impossible": 0.24649593280861853,
        "cruise": 0.22142854981113191,
        "premiere": 0.17338273239928254,
        "oppenheimer": 0.16711588664991087,
        "tom": 0.13369270931992872,
        "dead": 0.12742586357055705
    },
    "Merchandise and Commercial Tie-Ins": {
        "amc": 0.35740730949833976,
        "barbie": 0.2611822646334021,
        "settlement": 0.24743582965269675,
        "court": 0.219942959691286,
        "izzo": 0.1649572197684645,
        "said": 0.15121078478775912,
        "company": 0.13746434980705374,
        "hearing": 0.13746434980705374,
        "stock": 0.13746434980705374,
        "conversion": 0.109971479845643
    }
}