{
    "Behind-the-Scenes and Production Insights": {
        "Barbie": 0.13290999927916997,
        "Mission Impossible": -0.00027612848655830265,
        "Oppenheimer": 0.1731173248093474
    },
    "Box Office Performance and Industry Impact": {
        "Barbie": 0.12003481304547906,
        "Mission Impossible": 0.04620823065498112,
        "Oppenheimer": 0.10319560994793232
    },
    "Celebrity and Cast Focus": {
        "Barbie": 0.18323006577606796,
        "Mission Impossible": 0.05360634063524908,
        "Oppenheimer": 0.12089360900186077
    },
    "Critique and Reviews": {
        "Barbie": 0.09961425841767935,
        "Mission Impossible": 0.04510289285621665,
        "Oppenheimer": 0.12159529200802721
    },
    "Cultural and Social Commentary": {
        "Barbie": 0.11855770845512455,
        "Mission Impossible": 0.07375565551346798,
        "Oppenheimer": 0.022540072540072544
    },
    "Fan and Audience Reactions": {
        "Barbie": 0.12338329980602208,
        "Mission Impossible": 0.032071439888523845,
        "Oppenheimer": 0.1117616826764786
    },
    "Fashion and Aesthetics": {
        "Barbie": 0.16044266551435413,
        "Mission Impossible": 0.06950889718746858,
        "Oppenheimer": 0.14057888506256175
    },
    "Global and Political Perspectives": {
        "Barbie": 0.10851961733784386,
        "Mission Impossible": 0.049140679048354355,
        "Oppenheimer": 0.12175683757581623
    },
    "Marketing and Promotional Strategies": {
        "Barbie": 0.08881721836322723,
        "Mission Impossible": 0.009919664502847748,
        "Oppenheimer": 0.10877235944549832
    },
    "Merchandise and Commercial Tie-Ins": {
        "Barbie": 0.1491655590997696,
        "Oppenheimer": 0.08291035353535352
    }
}