{
    "Behind-the-Scenes and Production Insights": {
        "oppenheimer": 0.3898230692461077,
        "nolan": 0.3818674964043504,
        "film": 0.23071161241096172,
        "director": 0.2068448938856898,
        "said": 0.1988893210439325,
        "murphy": 0.1432003111516314,
        "christopher": 0.1352447383098741,
        "like": 0.1272891654681168,
        "million": 0.1272891654681168,
        "films": 0.11137801978460221
    },
    "Box Office Performance and Industry Impact": {
        "million": 0.3676580120072232,
        "barbie": 0.36182217054679106,
        "oppenheimer": 0.3282660821493064,
        "weekend": 0.22176197549642032,
        "film": 0.21009029257555611,
        "movie": 0.204254451115124,
        "box": 0.1838290060036116,
        "office": 0.18237004563850356,
        "nolan": 0.16048564016188313,
        "000": 0.10358618592267002
    },
    "Celebrity and Cast Focus": {
        "murphy": 0.42921820011692813,
        "oppenheimer": 0.4260775791404628,
        "nolan": 0.261718414705444,
        "cillian": 0.22089034201139474,
        "film": 0.21565597371728584,
        "que": 0.18634351127027612,
        "en": 0.1528435541879793,
        "la": 0.14970293321151396,
        "el": 0.12039047076450424,
        "said": 0.11515610247039536
    },
    "Critique and Reviews": {
        "oppenheimer": 0.7034550504541918,
        "nolan": 0.3084669205200199,
        "film": 0.289657961951726,
        "barbie": 0.1504716685463512,
        "bomb": 0.13542450169171605,
        "atomic": 0.10156837626878705,
        "murphy": 0.09780658455512826,
        "life": 0.0940447928414695,
        "movie": 0.09028300112781071,
        "time": 0.09028300112781071
    },
    "Cultural and Social Commentary": {
        "foundation": 0.508000508000762,
        "season": 0.2963336296671112,
        "just": 0.21166687833365086,
        "goyer": 0.16933350266692068,
        "brother": 0.1270001270001905,
        "philosophy": 0.1270001270001905,
        "shows": 0.1270001270001905,
        "think": 0.1270001270001905,
        "actors": 0.08466675133346034,
        "apple": 0.08466675133346034
    },
    "Fan and Audience Reactions": {
        "oppenheimer": 0.46820124002259333,
        "barbie": 0.3712166974464847,
        "film": 0.26754356572719623,
        "movie": 0.16387043400790768,
        "barbenheimer": 0.14380466657836796,
        "nolan": 0.140460372006778,
        "july": 0.13377178286359812,
        "media": 0.13042748829200815,
        "social": 0.12373889914882824,
        "just": 0.11036172086246844
    },
    "Fashion and Aesthetics": {
        "murphy": 0.3822043076681904,
        "oppenheimer": 0.26928030767531597,
        "reps": 0.2432209230615757,
        "sets": 0.2432209230615757,
        "cillian": 0.21716153844783545,
        "nolan": 0.16504276922035493,
        "work": 0.1476698461445281,
        "workout": 0.1389833846066147,
        "hamilton": 0.13029692306870128,
        "barbenheimer": 0.12161046153078785
    },
    "Global and Political Perspectives": {
        "oppenheimer": 0.4310153633321194,
        "movie": 0.29725197471180653,
        "barbie": 0.25266417850503553,
        "cillian": 0.20807638229826456,
        "bomb": 0.16348858609149358,
        "atomic": 0.14862598735590327,
        "warner": 0.13376338862031292,
        "bros": 0.11890078988472261,
        "film": 0.11890078988472261,
        "hiroshima": 0.11890078988472261
    },
    "Marketing and Promotional Strategies": {
        "oppenheimer": 0.4006938426723769,
        "movie": 0.2887352689845069,
        "nuclear": 0.2592724864350674,
        "murphy": 0.21802459086585216,
        "weapons": 0.170884138786749,
        "film": 0.1649915822768611,
        "premiere": 0.1649915822768611,
        "ai": 0.15320646925708528,
        "cillian": 0.1473139127471974,
        "project": 0.1473139127471974
    },
    "Merchandise and Commercial Tie-Ins": {
        "amc": 0.4029192227929334,
        "settlement": 0.27894407731818466,
        "court": 0.24795029094949747,
        "izzo": 0.1859627182121231,
        "company": 0.1549689318434359,
        "hearing": 0.1549689318434359,
        "said": 0.1549689318434359,
        "stock": 0.1549689318434359,
        "conversion": 0.12397514547474874,
        "deal": 0.12397514547474874
    }
}