{
    "Behind-the-Scenes and Production Insights": {
        "barbie": 0.4472605692509934,
        "gerwig": 0.3986452899845811,
        "film": 0.24307639633206163,
        "like": 0.23335334047877918,
        "director": 0.18149704259460603,
        "movie": 0.17501500535908437,
        "just": 0.15880991227028027,
        "available": 0.15556889365251944,
        "cast": 0.15232787503475861,
        "time": 0.1490868564169978
    },
    "Box Office Performance and Industry Impact": {
        "barbie": 0.6088408572509765,
        "million": 0.33254962634242247,
        "film": 0.227533954865868,
        "movie": 0.22503358173547383,
        "oppenheimer": 0.19877966386633522,
        "box": 0.1512725743888463,
        "office": 0.1450216415628609,
        "weekend": 0.13126958934569308,
        "000": 0.09876473865056908,
        "bros": 0.08251231330300707
    },
    "Celebrity and Cast Focus": {
        "barbie": 0.5786626873252846,
        "robbie": 0.27887358425314923,
        "margot": 0.24262001830023983,
        "like": 0.21333829195365914,
        "movie": 0.18684530144960998,
        "film": 0.181267829764547,
        "said": 0.12131000915011991,
        "81": 0.11015506577999394,
        "june": 0.10876069785872819,
        "gerwig": 0.10736632993746245
    },
    "Critique and Reviews": {
        "barbie": 0.7139099505115316,
        "movie": 0.26501202708382615,
        "film": 0.24337839221984034,
        "ken": 0.16225226147989355,
        "robbie": 0.1460270353319042,
        "like": 0.12980180918391485,
        "gerwig": 0.1135765830359255,
        "world": 0.09194294817193968,
        "margot": 0.08653453945594324,
        "time": 0.08653453945594324
    },
    "Cultural and Social Commentary": {
        "barbie": 0.5820692923269887,
        "china": 0.212679164504092,
        "movie": 0.212679164504092,
        "film": 0.20148552426703453,
        "chinese": 0.15671096331880463,
        "gerwig": 0.15671096331880463,
        "world": 0.14551732308174717,
        "women": 0.13432368284468968,
        "dolls": 0.11193640237057473,
        "way": 0.11193640237057473
    },
    "Fan and Audience Reactions": {
        "barbie": 0.6489812135984754,
        "film": 0.2538353940284359,
        "oppenheimer": 0.219816217509161,
        "movie": 0.16486216313187074,
        "robbie": 0.14392728527385543,
        "pink": 0.1413104255416035,
        "just": 0.13084298661259583,
        "barbenheimer": 0.12037554768358817,
        "like": 0.11514182821908434,
        "media": 0.11252496848683242
    },
    "Fashion and Aesthetics": {
        "barbie": 0.7012387183840211,
        "pink": 0.2676105356377183,
        "robbie": 0.19079640040837323,
        "world": 0.1387610184788169,
        "july": 0.13380526781885915,
        "image": 0.1288495171589014,
        "premiere": 0.11893801583898592,
        "credit": 0.10902651451907042,
        "fashion": 0.1015928885291338,
        "attends": 0.09415926253919718
    },
    "Global and Political Perspectives": {
        "barbie": 0.6403266610786935,
        "film": 0.2630799460245795,
        "movie": 0.238261083192072,
        "china": 0.168768267261051,
        "robbie": 0.14643129071179425,
        "said": 0.13650374557879125,
        "pink": 0.129058086729039,
        "world": 0.12409431416253751,
        "ken": 0.12161242787928675,
        "like": 0.12161242787928675
    },
    "Marketing and Promotional Strategies": {
        "barbie": 0.7505961736444514,
        "movie": 0.21200044599118092,
        "ai": 0.14897328637218119,
        "like": 0.12605431923799948,
        "robbie": 0.12605431923799948,
        "doll": 0.10886509388736318,
        "ken": 0.10886509388736318,
        "dolls": 0.10313535210381775,
        "film": 0.10313535210381775,
        "margot": 0.09740561032027231
    },
    "Merchandise and Commercial Tie-Ins": {
        "barbie": 0.3962989221234392,
        "amc": 0.2862158882002616,
        "settlement": 0.1981494610617196,
        "court": 0.17613285427708408,
        "izzo": 0.13209964070781305,
        "said": 0.13209964070781305,
        "company": 0.11008303392317755,
        "dolls": 0.11008303392317755,
        "film": 0.11008303392317755,
        "hearing": 0.11008303392317755
    }
}